{"STAT": -0.09750638260233142, "SOCWORLD": 0.10460837629946852, "HISTSCI": 0.3499843404262589, "PHYSCI": 0.2965433393211394, "ECON": -0.08098401347160668, "LIFESCI": 0.24633512177404454, "SCIPHUNV": 0.31163745834065676, "ENGLISH": 0.16513706112230062, "SCILIVSY": 0.15444175594745752, "CHEM": -0.08512333120484919, "ETHRSON": 0.3759452911198527, "PHYSICS": 0.2071170497450711, "ANTHRO": 0.23349765192848237, "CULTBLF": 0.15329010098584425, "AFRAMER": 0.2561049330314308, "HIST": 0.18434367984298383, "US-WORLD": 0.43782086801350956, "FRSEMR": 0.1342682058005107, "EXPOS": -0.10666014331260548, "AESTHINT": 0.4087131082727229, "COMPSCI": -0.14271778211809275, "MUSIC": 0.2291054993598408, "APMTH": 0.024761567956392613, "SPANSH": 0.04929850832940267, "SOCIOL": 0.2672702816746137, "GOV": 0.16819552138059501, "MCB": 0.14245213203941254, "PSY": 0.1594046627782834, "ENG-SCI": -0.010998386625536488, "MATH": -0.20453016282580494}